{"cameraMode":{"drawMode":0,"name":"Shaded","section":"Shading Mode"},"sceneLighting":true,"audioPlay":false,"sceneViewState":{"m_AlwaysRefresh":false,"showFog":true,"showSkybox":true,"showFlares":true,"showImageEffects":true,"showParticleSystems":true,"showVisualEffectGraphs":true,"m_FxEnabled":true},"in2DMode":false,"pivot":{"x":206.69705200195313,"y":649.6016845703125,"z":-311.2847900390625},"rotation":{"x":-0.22093267738819123,"y":-0.1309870183467865,"z":0.029237214475870134,"w":-0.9661528468132019},"size":1.4678665399551392,"orthographic":false}