{"cameraMode":{"drawMode":0,"name":"Shaded","section":"Shading Mode"},"sceneLighting":false,"audioPlay":false,"sceneViewState":{"m_AlwaysRefresh":false,"showFog":true,"showSkybox":false,"showFlares":true,"showImageEffects":true,"showParticleSystems":true,"showVisualEffectGraphs":true,"m_FxEnabled":true},"in2DMode":false,"pivot":{"x":31.366729736328126,"y":41.581573486328128,"z":62.73030090332031},"rotation":{"x":0.39324405789375307,"y":0.22160464525222779,"z":-0.09819869697093964,"w":0.8869670033454895},"size":90.74488830566406,"orthographic":false}